"cat1","payout","pct","households","perhh"
"Top 50%",149353291852.116,-0.825609362648281,62900000,2374.45615027211
"Bottom 50%",31547384192.836,-0.174390637351719,62900000,501.548238359872
