"cat2","payout","pct","households","perhh"
"Top 10%",47496400773.8697,-0.262555131425089,12580000,3775.54855118201
"Bottom 90%",133404275271.082,-0.737444868574911,113220000,1178.27482133088
