"cat3","payout","pct","households","perhh"
"Top 1%",20798878229.1975,-0.114974021567665,1258000,16533.2895303637
"Bottom 99%",160101797815.754,-0.885025978432335,124542000,1285.52454445692
